id;date;id_payment;currency;amount;email;name;status
1;2019-11-30T12:45:27;Directives application Home Loan Account;Dam;9997;Jadon_Streich@gmail.com;alarm;Tasty Metal Bacon
2;2019-11-29T23:13:17;Electronics;Soap methodology Albania;43194;Einar.Ledner@gmail.com;Gorgeous Frozen Pants;Common
3;2019-11-30T02:54:09;grey Cambridgeshire;Canyon HDD;68030;Issac94@gmail.com;Planner cross-platform access;Public-key
4;2019-11-30T15:57:43;Bahamian Dollar Investment Account;Games Regional Digitized;66252;Elvis.Kassulke@hotmail.com;Georgia Industrial;connect Markets Chief
5;2019-11-30T07:23:49;National Awesome sky blue;Tactics;84453;Nedra_Glover@yahoo.com;compelling mission-critical;bifurcated scalable
6;2019-11-30T17:46:48;Industrial;index orange;552;Raven_Dooley72@gmail.com;quantify Unbranded Plastic Tuna Frozen;generating Highway Ergonomic
7;2019-11-30T12:50:49;Lempira;pixel withdrawal;88721;Jannie97@yahoo.com;synthesizing hard drive Robust;Avon
8;2019-11-30T09:12:03;partnerships Grocery Intelligent;Dynamic;47537;Kelton_Lang13@gmail.com;Investment Account;override User-centric
9;2019-11-30T19:53:56;neutral Salad;Auto Loan Account modular Refined;45653;Cyrus_Dibbert@hotmail.com;Ghana back-end National;Direct
10;2019-11-30T15:12:55;withdrawal;copying;86073;Adalberto_Cummerata@gmail.com;Bedfordshire Bahamian Dollar;24/7
